Model,Accuracy,AUC,Precision,Recall,F1,MCC
Logistic Regression,0.9139354212187424,0.9370138331996792,0.70018281535649,0.41271551724137934,0.5193220338983051,0.4955921934895615
Decision Tree,0.9146637533381888,0.8919651280720788,0.6347305389221557,0.5711206896551724,0.6012478729438457,0.5545836468651499
K-Nearest Neighbors,0.9053168244719592,0.8616761846077645,0.6267123287671232,0.39439655172413796,0.48412698412698413,0.449125984558675
Naive Bayes,0.85360524399126,0.860641864003019,0.4023876404494382,0.6174568965517241,0.4872448979591837,0.41893814652819206
Random Forest,0.9202476329206118,0.9515156964951177,0.7610789980732178,0.42564655172413796,0.5459571527297857,0.531808859320396
XGBoost,0.9226754066521,0.9549315415821501,0.690694626474443,0.5678879310344828,0.6232998225901834,0.5841281360781445
